,accuracy_mean,accuracy_std,precision_mean,precision_std,recall_mean,recall_std,roc_auc_mean,roc_auc_std,specificity_mean,specificity_std,npv_mean,npv_std,ppv_mean,ppv_std
BernoulliNB,0.9299999999999999,0.024764515945198694,0.6681029556906134,0.1269782449773286,0.8633868092691621,0.08344653296949672,0.9011919327549013,0.04505654809165686,0.9389970562406404,0.026070958781692407,0.9807777166562646,0.010684086762466728,0.6681029556906134,0.1269782449773286
DecisionTreeClassifier,0.9549999999999998,0.010269797953221886,0.8635714285714287,0.08558025234735368,0.7416755793226382,0.08162919096655646,0.8630464182611638,0.041509915051853793,0.9844172571996894,0.00741318628825436,0.9651092628832355,0.010860961866540517,0.8635714285714287,0.08558025234735368
SVC,0.9400000000000001,0.007126096406869587,0.801750700280112,0.05916898693620676,0.675017825311943,0.04304754707814962,0.8261400892960113,0.020275193756561696,0.9772623532800797,0.005680523172967171,0.9553622596371769,0.01083808842242615,0.801750700280112,0.05916898693620676
QuadraticDiscriminantAnalysis,0.9400000000000001,0.030809393859665607,0.7450806198632286,0.18666619774370533,0.7773351158645276,0.07171819656683064,0.8696932366219782,0.05027755974748245,0.9620513573794286,0.029887557447164658,0.969789717821636,0.006266209975268012,0.7450806198632286,0.18666619774370533
XGBClassifier,0.9674999999999999,0.010269797953221874,0.9267501332516812,0.027703668235781766,0.7967736185383245,0.0875666158664959,0.8941243351850549,0.04295315225947017,0.9914750518317852,0.003057508607937952,0.9721029689051441,0.01277229132108682,0.9267501332516812,0.027703668235781766
DenseNeuralNet,0.93625,0.027740426276465203,0.8920448179271709,0.09427541132494666,0.5684491978609626,0.26447038745296486,0.7785977995165314,0.12872014778497,0.9887464011721001,0.009240392853327267,0.9426158921470534,0.034012546560272285,0.8920448179271709,0.09427541132494666
